#,ACTIVIDAD ,DESCRIPCION,FECHA REALIZACION,FECHA MAXIMA,ANTIGUO ENCARGADO,NIVEL IMPORTANCIA,VIDEO,MANUAL,Ubicación,Comentario Adic,Notas
1,Reporte Milton,"Este reporte se envia Tina Weaver, en el reporte se muestra los valores de INTERNET y DirectTV que se deben de pagar*Comisiones* a las propiedad enlistadas como MILTON.",20 de Cada Mes,25-26 de Cada Mes,Yerson Quintan / Costumer,Critico,SI,SI,,,Lizeth
2,CSF,"*El reporte de CSF es generado junto con el reporte de MILTON* 
El Reporte de CSF Sale de la base de datos de DirectTV, para acceder a DirecTV se debe de hacer desde un computador remoto, se descarga la Base y este nos permite ver cuanto es lo que nos paga DirecTV por cada propiedad enlistada.",20 de Cada Mes,25-26 de Cada Mes,Yerson Quintan / Costumer,Intermedio,SI,SI,Escritorio ? Reportes ? 20 Day Milton,"Revisar el reporte de Milton, En el Video se explica como se saca el CSF.",Mktg
3,Billing Process,"Proceso se realiza en GLDS, se envia las facturas de cobro formato Email Billing Form  y Fisicas a todos los usuarios en GLDS",05 de Cada Mes,05 de Cada Mes,Eduardo Solanilla,Critico,SI,SI,,,Lizeth
4,PACE Report,"Este proceso lo que nos permite es identificar los usuarios con PACE-DISH y hacer la comparacion con lo que ingresa en GLDS, la idea es que el ingreso sea mayor en GLDS VS lo que se nos cobra en PACE-DISH, Nos permite identificar estos usuarios con los que perdemos dinero, para posterior realizar la cancelacion",15 de Cada Mes,25de Cada Mes,Yerson Quintan,Bajo,SI,SI,Escritorio ? Reportes ? 15 Day PACE,"Este reporte ya no se hace a la fecha. Si llega el reporte, ver el video",Mktg se pasa a servicio
5,Hard Disconect,"Se saca un listado de GLDS, que indica los usuarios por ejecutar el Hard Disconect, este listado se debe de enviar a Customer Service para que ellos se encarguen de hacer el proceso correspondiente.",02 de Cada Mes,03 de Cada Mes,Equipo de Customer Service,Critico,SI,SI,,"Esta a disposicion de CX Service, se envia Videos de como hacer el proceso.",Costumer
6,Physicall Bill Fee Report and Process.,"Se saca un reporte en GLDS, para saber cuales son los usuarios que estan pdte por la colocacion del Physcall Bill Fee y Validamos que tengan todo los cobros de FEE en orden, esto nos garantiza que estemos realizando el cobro adecuado.",20 de Cada Mes,25 de Cada Mes,Yerson Quintan,Bajo-Intermedio,SI,SI,Escritorio ? Reportes ? 5 Day Physical Bill Fee,,
7,Reporte Tarjetas de Credito Vencidas y pronto a vencerse - GLDS,"Tarjetas Vencidas - Este reporte nos permite identificar cuales son las tarjetas de CC vencidas que estan vinculadas a los Usuarios en GLDS, con el fin de que cuando se realice el proceso de Autopayment el dia 28, no se devuelva el pago de estas tarjetas, El listado se envia a Customer Service y al Equipo de IT.",28 de Cada Mes,30 de Cada Mes,Equipo de Customer Service,Bajo-Intermedio,SI,,Escritorio ? Reportes ? Credit Card Exp Date,,Costumer
8,Proceso de Autopayment dia 28,"Esta actividad es el cobro que se realiza el dia 28 a todos los usuarios en GLDS que tienen registrado las tarjetas de credito con Autopaymen, el proceso se debe realizar en la manana, ya que se demora aproximadamente +2 Horas en GLDS y despues toca enviar un Reporte al equipo de ServiceBots el cual envia un mensaje a las transacciones que rebotaron.",28 de cada mes,28 de cada mes,Yerson Quintan,Critico,SI,SI,,,Lizeth
9,Revision Comisiones Chicos del CX Service,"En la APP de 360 se validan las comisiones efectuadas por los chicos del CX service, se mira que los paquetes sean los correctos en GLDS, tambien validamos que el usuario efectuo el pago correspondiente.",Semanalmente,Revisar las comisiones almenos 1 vez a la semana.,,Bajo-Intermedio,SI,,360 View ? Sales ? Sales,,
10,Reunion Revision Seguimiento Gastos IT,"Se realiza una reunion con Yerson Quitian, para poder hacer un seguimiento en detalle a los Gastos de IT, se hace una comparativa con QuickBooks, para ver la variacion entre lo Facturado VS lo contable, se busca optimizar gastos de IT-Mirar cuales Lineas de Cel ya no se usan, cuales son las licensias que ya no se usan ETC.",Semanalmente,Se destina una reunion los miercoles de cada Semana,,Bajo-Intermedio,SI,,,,
11,Actualizacion APP 360  y Seguimiento de Tarjetas CC *Celerity Fiber*,"Se realiza un reporte en donde se descargan todos los movimientas de las tarjetas de credito de REGIONS, se valida que esten todos los soportes de las tarjetas de credito en la APP de Bills Tracker, se notifica a RH en caso de las facturas que presenten errores o las que se omitieron.",Semanalmente,Realizar la actualizacion de la APP almenos 1 Vez a la semana.,,Intermedio,SI,,Escritorio ? Reportes ? CC Expenses,"Este reporte ya no se hace a la fecha. Si se retoma, ver el video",USA
13,Base de Datos de Quickbooks,"Se descarga una base de Datos de QuickBooks del mes en curso, esto nos permite saber los Gastos e Ingreso de toda la Contabilidad, la contabilidad va 1 mes atrasado.",Mensualmente,"Lo ideal es realizarlo los primeros dias de cada mes, desde el 7*",,Intermedio,SI,,Escritorio ? Reportes ? Quickbooks,Solicitar accesos a Fatma para ingresar,
14,Sales and Taxes Report,Este es un reporte que se envia a Tina para que ella pueda considerar en QuickBooks los valores de Impuestos por las comisiones de las Ventas en los paquetes - Upgrades en GLDS.,Mensualmente,Se realiza el proceso 1 vez al mes (Despues del soft disconnect de sarah),,Intermedio,Si,SI,Escritorio ? Reportes ? 2 Day Sales - Taxes Report,,USA
MARKETING REPORTS,,,,,,,,,,,
14,Creacion Reporte GLDS Churn,"Nos permite conocer cuales son los usurios de GLDS Nuevos,CHURN, y Activos.",05 de Cada Mes,Se puede realizar despues del 05 de Cada mes.,,Alto,SI,,One Drive Sofía ? Marketing Reports - shared ? GLDS CHURN REPORT. (Luego actualizar BI = Churn Report),,
15,2025 Executive Dashboard,"Nos permite conocer cual es el ingreso recurrente *Charge - Discounts* de todas las propiedades en GLDS, adicional se hace un tracking al Premier Membership, esto con el fin de saber cuanto hemos vendido de Premier Membership. ",03 de Cada Mes,Se puede realizar despues del 05 de Cada mes.,,Alto,SI,,One Drive Sofía ? Marketing Reports - shared ? Executive Dashboard. (Luego actualizar BI = Executive Dashboard),,
16,2025 Packages y Services Ranking,"Es un Ranking que nos permite saber cuales son los paquetes- Servicios que mayor participacion tienen en GLDS, identificando oportunidades",05 de Cada Mes,Se puede realizar despues del 05 de Cada mes.,,Alto,SI,,,,
17,2025 PIE Prop With Fiber,"Es un Dash para saber cuales son nuestras FR Activas en la FL, cual es nuestra participacion en todas las FR en cuanto a Upgrades, numero de Units totales y demas informacion relevante.",30 de Cada Mes,Se puede realizar despues del 30 de Cada mes e inicios del siguiente,,Alto,SI,,One Drive Sofía ? Marketing Reports - shared ? Report Total Properties Data Base (Luego actualizar BI = Total Properties),,
18,2025 Properties With Fiber- Penetration,"Es un Dashboard que nos permite ver cual es la penetracion EMA- BULK en las diferentes propiedades, se puede ordenar por Account manager, tambien permite realizar el track por Propiedad.",05 de Cada Mes,Se puede realizar despues del 05 de Cada mes.,,Alto,SI,,,,
19,2025 Raking Properties,"Es un Dashboard que nos permite tener un orden de las propiedades que mas generan dinero para la compania, Ingreso de GLDS, QuickBooks,Ingreso y Gasto, tambien nos permiten ver el numero de CX Activos,CHURN.",09 de Cada Mes,Se puede realizar despues del 05 de Cada mes.,,Alto,SI,,One Drive Sofía ? Marketing Reports - shared ? Ranking Properties (Luego actualizar BI = Ranking Properties),,
22,Reporte Ajuste Premier Membership,"Reporte que se realiza para trackear y aplicar los descuentos de los Upgrades en las correspondientes a las propiedades que reciban el Premier Membership,lo que se hace es que se aplica solo por 1 mes el descuento del Premier Membership.",Mensualmente,La actividad se realiza 1 vez al incio del mes *el 2* cuando se hayan validado todas las comisiones/ventas del mes pasado,,Intermedio,SI,SI,One Drive Sofía ? PM Discount CE,,
23,Archivo de Seguimiento Gastos Tradeshows,"Se hace un track a todos los gastos de los Tradeshows y eventos de la compania, desde el gasto en Tarjetas de credito y demas.",Mensualmente,Segun solicitud del Jefe de Marketing,,Alto,SI,,,,
23,Creacion de Paquetes,Solicitud que realiza el equipo de CX cuando se requiere la adicion de 1 Paquete o Servicio en GLDS.,Según solicitud,Los requerimientos pueden variar segun la solicitud del Equipo de CX Service.,,Intermedio,,,,,
24,Contacts to CE,Son registros que llegan a submissions en Wordpress a traves de la pagina de Celerity. Se validan que sean clientes en GLDS y se notifica al equipo de CX para que los contacten.,Semanalmente,"Se puede realizar el viernes, cada que se revise wordpress",,Intermedio,,,One Drive Sofía ? Marketing Reports - shared ? Clients from Celerity Web,,
25,Leads Marketing,"Los leads que vengan de distintas fuentes se agregan en el excel. Los que hayan generado alguna reacción por campaña, se suben a salesforce",Semanalmente,,,Intermedio,,,Escritorio ? Reportes ? Marketing  ? Leads marketing 2026,,
26,Seguimiento Marketing Budget,"Se relacionan los pagos a eventos, merchandising, asociaciones, etc para verificar el valor de lo pagado a los proveedores y ajustar. Validar con Juan José los pagos a realizar",Mensualmente,Antes de finalizar el mes relacionar los pagos que quedaron,,Intermedio,,,Juan José Florez ? Budget (solicitar acceso),,
27,Campañas en Mailchimp,"Se ingresa a Mailchimp, se carga la audiencia separada por nombre, apellido, correo (la plataforma no sube correos repetidos). En la seccion de campañas se crear una según el template, elegir la audiencia, subject, horario",Semanalmente,Se realiza según los leads generados a la semana,,Intermedio,,,Solicitar credenciales Juan José,,
28,Revisión blogs de la agencia,"Se revisa el contenido de los blogs de la agencia para publicacion en la pagina, Juan José da el visto final",Mensualmente,,,Intermedio,,,,"Se revisa el contenido que genere la agencia, hacer seguimiento constante",
