FRCODE,FRNAME
001,AVENTURA HARBOR APTS
002,PINNACLE PARK APTS
003,ROYAL PALMS
004,COUNTRY CLUB TOWERS APTS
005,INTERNATIONAL CLUB APTS
006,LAGO CLUB APTS
007,SUNSET GARDENS APTS
008,BLUE RIVIERA APTS
009,FOUNTAINEBLEAU GARDENS
010,PINNACLE PLACE APTS
011,FONTAINBLEAU MILTON APTS
014,LOS SUENOS APTS
016,THE MINORCA
017,MANORS OF INVERRARY
020,PINNACLE SQUARE APTS
021,INTRACOSTAL
022,PINNACLE VIEW APTS
023,DOUGLAS POINTE APT
024,FRIENDSHIP TOWERS APRTS
025,PINNACLE LAKES
026,RAYOS DEL SOL APTS
028,OLD CUTLER VILLAGE APTS
029,PINNACLE PLAZA APTS
030,CAMACOL APARTMENTS
031,SAN MARCOS VILLAS MIAMI
032,LUSH APARTMENTS
033,BLUE RIBBON DTV FAMILY BULK
034,GABLES WAY CONDOS
035,GOVENORS LODGE CONDO
036,KEY ISLANDER CONDOS
037,KEYSTONE HARBOR
038,OCEAN DRIVE MANOR
039,OCEAN FIVE CONDOMINIUM
040,SERENITY ON THE RIVER DTV FAMILY BULK
041,SHORE CLUB A
042,SHORE CLUB B
043,FM APTS DTV FAMILY BULK
044,"YACHT HARBOUR DTV CHO XTRA HBO, HD BULK"
045,7400 FISHER BUILDING COND
046,BAL HARBOUR TOWER
049,BAYSIDE VILLAGE #24
050,BAYSIDE VILLAGE #25
051,BAYVIEW 1
052,5000 FISHER ISLAND BLDG
053,BAYVIEW AT FISHER ISLAND
055,CHERRY GROVE VILLAGE APTS
056,CORAL PLAZA CONDOS
058,CRESCENT HOUSE APARTMENTS
059,EXECUTIVE APARTMENTS
060,FOUNTAIN HOUSE 1
061,MEADOW WALK APARTMENTS
064,MONTSERRAT APARTMENTS
065,NEW BARN APARTMENTS
066,7600 FISHER ISLAND DR (OCEAN SIDE)
067,OCEANSIDE V
068,OCEANSIDE 4
069,OCEANSIDE II
070,OCEANSIDE III
071,PALACE AT BAL HARBOUR
072,THE S TWR AT PORTO VITA
073,RESIDENCES AT LAKE HOUSE
074,ROYALTON ON THE GREEN APT
076,ST TROPEZ APARTMENTS
077,THE SYMPHONY NORTH TOWERS
078,THE SYMPHONY SOUTH TOWERS
079,VILLAGIO ON PALM BAY APTS
080,SOUTHGATE TOWERS APARTMENTS
081,MANORS TW HOMES
082,MANORS OF INVERRARY XII
083,MANORS CONDO1
084,LAS VISTAS
085,TOWN CENTER
086,"5801Sunrise Property/5901,5831,5821,5801"
088,800 NE 14TH PL
089,CITY 24
090,HOTELS
092,SOFA DELREY
093,KING'S TERRACE
094,MIAMI 790
095,TOWN UNIVERSITY (DAVID)
096,TCG FLAGLER'S
097,PALM CLUB WEST VILLAGE
098,1640 N DIXIE HIGHWAY
099,LUSH LAKE SIDE CONDO
100,5941 LUSH
101,"SUNRISE CONDO GROUP/5960, 5980"
102,2221 LUSH APARTMENTS
103,Palm Towers Manors
104,PALM TOWERS EMERALD
105,MANORS CONDO XI
112,VALIANT HOUSE
114,5971 LUSH
115,PINNACLE HEIGHTS
116,VILLA BELLINI CONDOMINIUM
117,"LUSH SUNRISE LAKES /5870,5890,5850,5880"
118,HOSTEEVA Intracostal Yacht Club
123,HIDDEN PINES
124,DIXIE COURT (Fortlauderdale Housing A)
131,KEY COLONY NO.2
132,SHORE CLUB C
133,BISCAYNE GARDENS TOWNHOMES
134,THE WAVE CONDOMINIUM ASSOCIATION
135,LUXURIA (THE WAVE COMMERCIAL)
136,SUNPOINTE SPRINGS CONDOMINIUM
137,321 AT WATERS EDGE
138,Country Club Apartments at Bonaventure 2
139,MARQUIS RESIDENCE
140,COUNTRY CLUB APARTMENTS BUILDING 5
144,BRISTOL TOWER
150,CEDAR RIDGE APTS
151,KAUFFMAN APARTMENTS
153,WYOMISSING PARK APARTMENT
161,Lakeside Manors Condo One
162,Sailboat I
163,Sailboat II
164,Dr. Kennedy Homes
165,LAKE HARBOUR TOWERS NORTH
166,THE SAND CAPER
167,CALUSA BAY
168,REUNION RESORT AND CLUB
169,Shipps Landing
170,KINGS CROWN CONDOMINIUM
171,SEASHELLS OF SANIBEL
172,THE BOULEVARD CLUB
173,WORTHINGTON COUNTRY CLUB
174,Eagle Trace at Reunion
175,REUNION WEST PROPERTY OWNERS ASSOCIATION
176,Spectrum at Reunion
177,Commodore Club
178,The Bear's Den at Reunion
181,Reunion Village
182,Sunset Cay
183,BLIND PASS CONDOS
184,AMBASSADORS CONDOMINIUM A
186,AXIS CONDOS
187,RESIDENCES AT RIVERWALK
188,MIRAGE AT SAILBOAT COVE
190,Sunset Bay at Bon Secour
192,MERRY PLACE
193,Palmetto Place
194,Royal Palm Place
195,The Mirage
196,THE MOORINGS CONDOMINIUM
199,Calusa Harbour
200,Summerville Resort
201,Sandy Shores
202,Hammock Bay
203,P1O Banyan Trace Condominium
204,P1O Dela Park Place Condominium
205,Infinity at Hammock Bay
207,ONE 501
209,BARTRAM LAKES ASSISTED LIVING
211,ECHO BRICKELL
215,PINNACLE AT TARPON RIVER
217,DARLINGTON FARMS
218,THE VIEWS
221,BALDWIN GROVE
222,BEACON GLEN
230,MARQUETTE MANOR
234,REDDING
237,SAN MARCO
244,Oceania V
245,VERSANTE
246,SCHRIEVER AFB
247,TRADITION APARTMENTS
248,RIVER QUARRY
250,PARKVIEW EAST
251,AVENUE C APARTMENTS
254,EAST PARK
257,SUMMER BRIDGE APARTMENTS
258,GRAYSTONE HEIGHTS APARTMENTS
259,722 CONSTITUTION DR
260,VILLAGE ON MAIN
261,ESTATES AT HILLSIDE GARDEN
262,12 FIFTY 5 APARTMENTS
263,2150 ARIZONA AVENUE SOUTH APTS
264,9920 CAMELBACK CONDOS
265,ADERRA CONDOS
266,ADIAMO PALM VALLEY
268,ALANZA PLACE
269,ALDEA AT ESTRELLA FALLS
270,ALEXAN AT FRANK LLOYD WRI
271,ALEXAN METROPOINTE
272,ARROWHEAD SUMMIT
274,AVENTURA
275,AVIANO AT DESERT RIDGE
276,AZUL AT SPECTRUM
277,BALERA AT FIREROCK
278,BELAFLORA
279,BILTMORE JEWEL
280,BORREGO AT SPECTRUM
282,BROADSTONE STETSON EAST
283,BUNGALOWS-MCMILLIAN MESA
284,CANTERA
285,CAPRI ON CAMELBACK
286,CARINO VILLAS
287,CITI ON CAMELBACK
288,CITRINE APARTMENTS
290,CORRIENTE CONDOS
291,COURTYARDS AT DESERT PARK
292,DESERT MIRAGE
293,DESERT PARKS VISTA
294,DESERT SANDS APARTMENTS
295,ELEVATION
296,ENCLAVE AT ARROWHEAD
297,ESTATES ON MARYLAND
298,FAIRFIELD WYNGATE
300,HOMESTEAD AT TALKING GLASS APARTMENTS
301,INSPIRE ON EARLL
302,IRONHORSE AT TRAMONTO
303,LEGACY BUNGALOWS
304,LIV GOODYEAR APARTMENTS
305,LIV NORTH VALLEY PARKWAY
306,LODGE @ ARROWHEAD TOWNE
308,MANDARINA APTS
309,MAXX 159
310,MESA HEIGHTS
311,MISSION SPRINGS
312,Monier
313,MONTAGE AT PECOS RANCH
314,MOUNTAIN VISTA APARTMENTS
315,PALAZZO TOWNHOMES
317,PARK PLACE (AZ)
318,PILLAR @ TAVIANO
319,PILLAR AT BELLA VISTA
320,PILLAR AT WESTGATE
321,RETREAT @ SPEEDWAY
322,ROCK CANYON
323,SAFARI CONDOS
324,SAGESTONE
325,SALIDA DEL SOL
326,SANTANA VILLAGE
327,SHADE AT DESERT RIDGE
328,SKYVIEW RANCH
330,SOVANNA CONDOS
331,SPRINGS AT YORKSHIRE
332,STONE CANYON
333,STONEBRIDGE RANCH APTS
334,SUN VALLEY RANCH APTS
335,SYMPHONY
336,TALUS RANCH
337,TERRA VISTA AT TATUM RNCH
338,THE EDGE ON LYONS GATE
340,THE MODERNE
341,THE PALMS AT AUGUSTA RANCH
343,THE PLACE AT SONORAN TRAILS
344,THE QUARTER CONDO
345,THE RESERVE AT GILBERT TOWN CENTER
346,THE STERLING
349,TOSCANA OF DESERT RIDGE I & II
350,TRAVIATAS CONDOS
351,TRESA AT ARROWHEAD
352,VELAIRE AT ASPERA APTS
353,VENTURA VISTA
355,VIEW 32
356,VILLAGE @ SUN VALLEY
357,VILLAGE AT ASPEN PLACE
358,VILLAGE AT TOWNE CENTER
359,VILLAS AT CAMELBACK CROSSING
360,WEST END STATION
361,Winfield at the Ranch
366,255 SAINT PAUL
370,85 S UNION
371,Alameda View Apartments
372,ALEXAN @ CITY CENTER
373,ALLURE APARTMENTS
376,ASPEN RIDGE
377,ATELIER AT UNIVERSITY PAR
379,BALLANTYNE DRY CREEK VLG
381,Brandon Courtyard Apartments
382,BROADWAY LOFTS
384,CAPITAL HEIGHTS APARTMENT
385,CARIBOU APARTMENTS
386,CATANIA APTS
388,Christine Place Apartments
389,CHROMA APARTMENTS
392,CIMARRON POINTE APTS
394,COPPER PEAK APTS
395,COPPER STONE
397,CREEKSIDE
398,CREEKSIDE TOWNHOMES (CO)
400,CYCLE APARTMENTS
401,MONTSERRAT RECEIVER RENTALS
402,DEER CREEK APTS
403,DELGANY LOFTS
406,DRY CREEK COMMONS
411,ELEMENTS AT PRAIRIE CENTER
413,Falcon View Apartments
415,FIRESTONE MEADOWS
416,FLATS AT WHISPER SKY
417,GLASS HOUSE
418,GLENARM
420,GREEN LEAF STONE CLIFF
421,GREENBRIAR AT SADDLEROCK
422,HAWTHORNE HILLS
425,HIDDEN LAKE HOMES
430,LAKE CHALET
431,Lakehouse on 17th
432,LAMBERSTON FARMS
433,LEGACY SENIOR RESIDENCES
434,LINCOLN POINTE LOFTS II
436,MALBEC AT VALLAGIO
441,Modera West Wash Park
442,MONROE POINT
443,MONTRACHET
444,MOUNTAIN VIEW APTS
445,NORTH RANGE CROSSINGS
449,Overture 9th & CO
451,PARK LANE TOWERS
452,PARK PLACE (CO)
453,PARK TOWER (RIVERFRONT)
454,PARKHOUSE PHASE I
455,PARKHOUSE PHASE II
456,PARKWAY ONE
458,PELOTON BOULDER
460,PINNACLE AT CITY PARK SO
464,PRENTICE PLACE APTS
465,PRESIDIO APARTMENTS
466,PROMENADE
467,Radiant Apartments
468,RANCHSTONE JORDAN II
469,REDSTONE RIDGE CONDO
470,RENAISSANCE VILLAGE APARTMENTS
471,RESERVE AT BROADWAY STATI
472,RESERVES @ NORTHGLENN
473,RESERVES AT CENTERA
474,RESERVES@ CASTLE HIGHLAND
475,Residences at Hoffman
477,RYE SOBO
478,SANDSTONE VISTAS
479,SAVANNAH AT SOUTH CREEK
480,SETTLERS CREEK
483,South Main Station
484,South Range Crossings
485,Springs at Eagle Bend
486,SPRINGS AT SANDSTONE RANCH
488,ST. MICHAELS APARTMENTS
490,STONE MOUNTAIN
491,STONEBRIAR
493,MAA PROMENADE (SYNC36)
494,Sync36 Phase II
495,TALAVERA
499,THE FORUM AT FITZSIMONS
501,THE LANDMARK
502,THE LIDO
504,THE MERIDIAN GRNWOOD
505,THE PARK
506,THE RESERVE AT WEST T-BONE APARTMENTS
507,THE RESERVE AT WEST T-BONE APTS PHASE II
513,TRADITIONS AT ENGLEWOOD
514,TRAIL CREEK RANCH CONDOS
515,TRAILSIDE VILLAGE
516,UNION WEST APARTMENTS
517,VALLAGIO INVERNESS I
518,VALLAGIO INVERNESS II
519,VELA MERIDIAN APTS
523,VILLAGE CREST APTS
524,Volta Apartments
526,WATER TOWER APARTMENTS
528,WEST LINE FLATS APARTMENT
529,WESTRIDGE APARTMENTS
531,WINDMILL CREEK CONDOS
532,WINDMILL RANCH
534,WINDSOR AT PINEHURST
535,X Denver 1
537,CANTERBURY III
539,COURT AVENUE LOFTS
544,PROVIDENCE POINTE CONDOS
545,SIGNATURE PLACE
546,STONE CREEK VILLAS-IA
548,VALLEY VIEW APARTMENTS.
549,WILKINS BUILDING
550,WINDSOR VILLAGE TOWNHOMES
551,CIVIC PLAZA
552,Las Brisas Apartments
554,PARK APARTMENTS
555,THE BIRCHES
558,SQUIRE CREEK COUNTRY CLUB
560,CEDAR HILLS WEST
561,CLASSIC AT THE PRESERVE I
562,COUNTRY VILLAGE APTS
563,CROWN VILLA APTS
564,HELLO APARTMENTS
567,KELLOGG SQUARE
568,LORING PARK MINNEAPOLIS
571,ONYX EDINA
573,RIVER POINTE LOFTS
574,RIVERVIEW AT UPPER LANDING
578,POLLEY'S SQUARE
580,HUNTINGTON SPRING
581,RUN HILL APARTMENTS
582,TABOR LANDING
585,CEDAR RIDGE APTS
586,MIDLAND HEIGHTS
587,MIDTOWN CROSSING
589,SPRING HILL APARTMENTS
591,THE BREAKERS
592,THE STERLING APARTMENTS
593,ARROYO VERDE
594,MARKANA APARTMENTS
597,THE CARLISLE
598,THE STERLING DOWNTOWN
599,937 CONDOMINIUMS
600,CASCADE MEADOWS APTS
601,ELIZABETH LOFTS
603,GRANT PARK VILLAGE
606,MORELAND CROSSING
608,THE PRESCOTT
609,THE VISTA AT THE PEARL - BLOCK 20
611,CREEKSIDE TOWNHOMES (TX)
613,ESPERANZA APTS
617,RIVER OAKS APARTMENTS
618,THE HAMLINS AT CEDAR CREEK LAKE APARTMEN
619,THE POINT AT VALLEY RANCH CENTER APARTME
620,THE SUMMIT APARTMENTS
621,UNIVERSITY HEIGHTS II
622,WILLOW CREEK
626,CITY CREEK RESERVE
629,FALLS@CANYON RIM
631,FRONTGATE
632,HAVEN POINTE APTS
633,LIBERTY COMMONS
635,LIBERTY LANDING
640,PINNACLE MOUNTAIN VIEW
642,ROSE COVE
643,TOOELE GATEWAY
644,WOODGATE APTS
645,1521 2ND AVE
649,BLUE POINT APARTMENTS
651,BRISTOL II
653,CELEBRATION SENIOR LIVING
654,CELEBRATION SENIOR LIVING WEST
655,COPPER RIVER APARTMENTS
656,COPPER VALLEY APARTMENTS
661,LEGACY PRATT PARK
662,LINCOLN SQUARE EXPANSION
663,MALMO APT
664,NAPOLEON
665,NORA APARTMENTS
666,NORTHERN HEIGHTS
668,OLIVE 8
669,ONE ISLAND SQUARE
670,PIONEER MEADOWS APTS
672,QUINTESSA APTS
674,Spire
677,THE MERCER
679,THE VINE AT BELLTOWN
680,TRUTINA APTS
681,WASHINGTON SQUARE
683,Eaton Street Apartments
684,Kennedy House Condominium
685,THE PALMS
686,GARRARD STREET LLC
687,LUXURIA
688,EPOQUE GOLDEN APARTMENTS
689,Grande Isles III & IV
690,DeRenne Plaza Condos
693,BROOKSTRACE
694,LITTLE JOE
695,SUSTELLA
696,WILLIAM STREET
697,LA SALLE PARK CONDO
698,SUNRISE CAY CONDOMINIUM
699,SUNRISE CAY II CONDOMINIUM
700,JUPITER YACHT CLUB
701,"WOODLET CONDO. ASSOC.,THE"
702,SEA COVE CONDOMINIUM
707,CYPRESS POINTE
708,COLONY PARK
711,THE PRESERVE AT QUACCO WOODS
713,APEX @ VISTA
714,Easton Place: A Gwaltney Community
716,1800 CLUB
721,Barrington Apartments
722,HARBOUR BREEZE APTS
724,KICKERS BUILDING
736,FALCON CREEK
737,BRAEMAR TOWERS
738,SEA WATCH CONDOMINIUM
741,SOLIS
743,1001 ST PAUL CONDOS
752,BLACK CREEK SANCTUARY
784,LOFT AT SEACREST
788,555 W 23RD ST
789,OUR PLACE AT THE BEACH
797,UNION SQUARE SOUTH
817,The 501
818,VERENA AT BEDFORD FALLS RESIDENCE
819,TIERRA DEL MAR
820,LAS BRISAS APARTMENTS
821,1350
833,TOPAZ NORTH
834,REDWOOD MOSAIC
835,RIVER MANOR
836,TURNBERRY VILLAS SOUTH
837,VILLAGE AT HAWKS CAY
840,SPECTRUM TOWNHOMES AT REUNION
843,LEFT BANK LOFTS
844,VISTA CELESTE APARTMENTS
845,FOUNTAINHEAD CONDOMINIUM
848,VILLAGE AT SPRINGS RANCH
849,WESTWIND APARTMENTS
850,Country Club Apt of Bonaventure BL3
852,WINDSTREAM
853,THE GRANDE CONDO
854,Sanctuary at Bellbrook
855,Independence Hall
856,Williamsburg Landing
857,Lyfe Resort and Residences
993,Test - ServiceBots
998,.
999,Direct TV
